{"cameraMode":{"drawMode":0,"name":"Shaded","section":"Shading Mode"},"sceneLighting":true,"audioPlay":false,"sceneViewState":{"showFog":true,"showMaterialUpdate":false,"showSkybox":true,"showFlares":true,"showImageEffects":true,"showParticleSystems":true},"in2DMode":false,"pivot":{"x":-3.988983154296875,"y":4.336825847625732,"z":104.3379135131836},"rotation":{"x":-0.06406372040510178,"y":0.11023183912038803,"z":-0.007119723130017519,"w":-0.9918135404586792},"size":42.7028923034668,"orthographic":false}